{
  "best_model": "Random Forest",
  "test_accuracy": 0.9302325581395349,
  "test_auc": 0.9699351629807265,
  "cv_accuracy_mean": 0.9194373754539729,
  "cv_auc_mean": 0.9701924482854067,
  "features": [
    "PriceRatio",
    "DepositRatio",
    "ReputationScore",
    "NationalityMismatch",
    "ThumbsRatio",
    "AverageReviewRating",
    "DescriptionScamScore"
  ],
  "all_models": {
    "Logistic Regression": {
      "test_accuracy": 0.8488372093023255,
      "test_auc": 0.9279576338928858,
      "cv_accuracy": 0.8517447226990796,
      "cv_auc": 0.9324841994294182
    },
    "Gradient Boosting": {
      "test_accuracy": 0.9302325581395349,
      "test_auc": 0.9674704680699884,
      "cv_accuracy": 0.9202672509726451,
      "cv_auc": 0.9722160731514145
    },
    "Random Forest": {
      "test_accuracy": 0.9302325581395349,
      "test_auc": 0.9699351629807265,
      "cv_accuracy": 0.9194373754539729,
      "cv_auc": 0.9701924482854067
    }
  }
}